Country_name,Regional_indicator,Ladder_score,Standard_error_of_ladder_score,upperwhisker,lowerwhisker,Logged_GDP_per_capita,Social_support,Healthy_life_expectancy,Freedom_to_make_life_choices,Generosity,Perceptions_of_corruption,Ladder_score_in_Dystopia,Dystopia_._residual,population,country_size,ladder_score_cat
Finland,Western Europe,7.808700085,0.031156305,7.869766235,7.747633934,10.63926697,0.954329729,71.9008255,0.949172199,-0.059482019,0.195444584,1.972316742,2.762835026,5548360,medium,above average
Denmark,Western Europe,7.645599842,0.033492286,7.711244583,7.579955101,10.77400112,0.955990791,72.40250397,0.951444268,0.066201776,0.168489456,1.972316742,2.432740688,5813298,medium,above average
Switzerland,Western Europe,7.559899807,0.035014171,7.628527641,7.491271973,10.97993279,0.942846596,74.10244751,0.921336651,0.105911039,0.303728431,1.972316742,2.35026741,8715494,medium,above average
Iceland,Western Europe,7.504499912,0.059615862,7.621346951,7.387652874,10.77255917,0.974669576,73,0.948891878,0.246944219,0.711709738,1.972316742,2.460688114,343353,small,above average
Norway,Western Europe,7.487999916,0.034837384,7.55628109,7.419718742,11.08780384,0.952486575,73.20078278,0.955750287,0.13453263,0.263218194,1.972316742,2.168266296,5465630,medium,above average
Netherlands,Western Europe,7.448900223,0.02779175,7.503372192,7.394428253,10.81271172,0.93913883,72.30091858,0.908547819,0.20761244,0.364717126,1.972316742,2.352117062,17173099,medium,above average
Sweden,Western Europe,7.353499889,0.036234196,7.424519062,7.282480717,10.75879383,0.926311195,72.60076904,0.939144194,0.111614622,0.250880182,1.972316742,2.246299267,10160169,medium,above average
New Zealand,North America and ANZ,7.299600124,0.039465468,7.376952648,7.222247601,10.50094318,0.949118972,73.20262909,0.936217487,0.191598073,0.22113885,1.972316742,2.128108025,4860643,medium,above average
Austria,Western Europe,7.294199944,0.033365164,7.359595776,7.228804111,10.7428236,0.928045869,73.00250244,0.899989486,0.085429221,0.499954879,1.972316742,2.398446083,9043070,medium,above average
Luxembourg,Western Europe,7.237500191,0.030851794,7.297969818,7.177030563,11.45068073,0.906912208,72.59999847,0.90563643,-0.004620588,0.367084295,1.972316742,2.153700352,634814,small,above average
Canada,North America and ANZ,7.23210001,0.04040546,7.311294556,7.152905464,10.69236851,0.927176654,73.60160065,0.933913231,0.124770768,0.390843362,1.972316742,2.195269108,38067903,medium,above average
Australia,North America and ANZ,7.222799778,0.041841116,7.30480814,7.140791416,10.72059631,0.944854617,73.60453796,0.915431738,0.19046016,0.41516912,1.972316742,2.129804134,25788215,medium,above average
United Kingdom,Western Europe,7.164500237,0.037161909,7.237337589,7.091662884,10.60013485,0.93668282,72.30160522,0.834743679,0.263732493,0.435915917,1.972316742,2.236721992,68207116,medium,above average
Israel,Middle East and North Africa,7.128600121,0.042515181,7.211929798,7.045270443,10.41752529,0.913571239,73.20025635,0.747580588,0.10259372,0.78085506,1.972316742,2.713358402,8789774,medium,above average
Costa Rica,Latin America and Caribbean,7.121399879,0.044816118,7.209239483,7.033560276,9.658156395,0.901545942,71.29985046,0.934738934,-0.10242971,0.786332428,1.972316742,2.953135014,5139052,medium,above average
Ireland,Western Europe,7.093699932,0.039863452,7.171832085,7.01556778,11.16097832,0.942081571,72.30078888,0.886982977,0.145784974,0.357184172,1.972316742,1.943878174,4982907,medium,above average
Germany,Western Europe,7.075799942,0.035609804,7.145595074,7.00600481,10.7328186,0.898874462,72.20201874,0.867371082,0.080179386,0.456422031,1.972316742,2.295249462,83900473,medium,above average
United States,North America and ANZ,6.939599991,0.047316168,7.032339573,6.846860409,10.92576885,0.914219022,68.29949951,0.842619538,0.149891734,0.699715316,1.972316742,2.344124794,332915073,large,above average
Czech Republic,Central and Eastern Europe,6.910900116,0.042891297,6.994966984,6.826833248,10.40416336,0.914430678,70.04793549,0.818537354,-0.230861515,0.85844624,1.972316742,2.796808243,10724555,medium,above average
Belgium,Western Europe,6.863500118,0.034370355,6.930866241,6.796133995,10.6736393,0.911632538,72.00164795,0.813582063,-0.078691199,0.612297952,1.972316742,2.348626614,11632326,medium,above average
United Arab Emirates,Middle East and North Africa,6.790800095,0.040698379,6.870568752,6.711031437,11.1099987,0.849181116,67.08278656,0.941345513,0.123450845,0.594502211,1.972316742,2.166965961,9991089,medium,above average
Malta,Western Europe,6.772799969,0.042958103,6.856997967,6.688601971,10.53383827,0.93037951,72.19999695,0.924911439,0.214965805,0.658547282,1.972316742,1.952012062,442784,small,above average
France,Western Europe,6.663799763,0.037576791,6.737450123,6.590149403,10.58422279,0.937103748,73.80193329,0.825467646,-0.130641967,0.583521128,1.972316742,2.053198338,65426179,medium,above average
Mexico,Latin America and Caribbean,6.465000153,0.048122469,6.559319973,6.370680332,9.797797203,0.838665426,68.29902649,0.858709276,-0.175266623,0.806821585,1.972316742,2.662540197,130262216,large,above average
Uruguay,Latin America and Caribbean,6.440100193,0.045419082,6.529121399,6.351078987,9.948192596,0.92281127,69.00254822,0.892395437,-0.101103112,0.635994136,1.972316742,2.167276382,3485151,medium,above average
Saudi Arabia,Middle East and North Africa,6.406499863,0.056533612,6.517305851,6.295693874,10.79781246,0.874067068,66.30514526,0.854191244,-0.168695062,0.682619512,1.972316742,2.203118801,35340683,medium,above average
Spain,Western Europe,6.400899887,0.04230037,6.483808517,6.317991257,10.46292686,0.921125412,74.40270996,0.751989543,-0.050961714,0.765859902,1.972316742,1.997088432,46745216,medium,above average
Guatemala,Latin America and Caribbean,6.398900032,0.058398303,6.5133605,6.284439564,8.924805641,0.816621482,64.8089447,0.908147573,-0.042938665,0.783237457,1.972316742,2.882723093,18249860,medium,above average
Italy,Western Europe,6.38740015,0.043288074,6.47224474,6.302555561,10.48183632,0.889878571,73.60168457,0.66465199,-0.043460999,0.873404682,1.972316742,2.249505997,60367477,medium,above average
Singapore,Southeast Asia,6.377099991,0.033258967,6.442287445,6.311912537,11.39552116,0.910268962,76.80458069,0.926645339,0.029879224,0.109784193,1.972316742,0.937031746,5896686,medium,above average
Brazil,Latin America and Caribbean,6.375599861,0.040790688,6.455549717,6.295650005,9.56643486,0.896723807,66.48016357,0.799804807,-0.101812392,0.770601273,1.972316742,2.571860313,213993437,large,above average
Slovenia,Central and Eastern Europe,6.363399982,0.043841314,6.449328899,6.277471066,10.39232254,0.939575672,71.1029892,0.936142623,-0.080603383,0.817071021,1.972316742,1.888586521,2078724,medium,above average
El Salvador,Latin America and Caribbean,6.34829998,0.058248438,6.462466717,6.234133244,8.909075737,0.806092262,66.10826111,0.833805263,-0.121072978,0.754319906,1.972316742,2.937191725,6518499,medium,above average
Panama,Latin America and Caribbean,6.304800034,0.059724931,6.421860695,6.187739372,10.03423405,0.902094483,69.60301208,0.880366504,-0.153927714,0.851588905,1.972316742,2.221176147,4381579,medium,above average
Slovakia,Central and Eastern Europe,6.280600071,0.03889757,6.35683918,6.204360962,10.34774971,0.922493756,68.90634155,0.749952674,-0.124409303,0.918096125,1.972316742,2.256422043,5460721,medium,above average
Uzbekistan,Commonwealth of Independent States,6.257599831,0.05422755,6.36388588,6.151313782,8.740371704,0.926595807,65.10757446,0.974998116,0.248427153,0.501497388,1.972316742,2.073346615,33935763,medium,above average
Chile,Latin America and Caribbean,6.228499889,0.045723889,6.318118572,6.138881207,10.0320549,0.879713595,69.90061951,0.744896293,-0.065668367,0.838239431,1.972316742,2.283012867,19212361,medium,above average
Bahrain,Middle East and North Africa,6.227300167,0.081882261,6.387789249,6.066811085,10.67638016,0.876342118,68.5,0.905855775,0.13372919,0.7393471,1.972316742,1.751917362,1748296,medium,above average
Lithuania,Central and Eastern Europe,6.215499878,0.044193108,6.302118301,6.128881454,10.34362602,0.926107109,67.29407501,0.747381449,-0.219725296,0.809583843,1.972316742,2.238146067,2689862,medium,above average
Trinidad and Tobago,Latin America and Caribbean,6.191899776,0.114448458,6.416218758,5.967580795,10.26000214,0.91529417,63.5,0.857907116,0.000526841,0.912230611,1.972316742,2.190695763,1403375,medium,above average
Poland,Central and Eastern Europe,6.186299801,0.035500165,6.255880356,6.116719246,10.26512432,0.874257445,69.31113434,0.862055779,-0.205084071,0.686927021,1.972316742,2.056797981,37797005,medium,above average
Colombia,Latin America and Caribbean,6.163400173,0.056480873,6.274102688,6.052697659,9.500369072,0.884440243,67.69958496,0.836179912,-0.161235645,0.86457181,1.972316742,2.421656609,51265844,medium,above average
Cyprus,Western Europe,6.15899992,0.050605938,6.258187771,6.059812069,10.40570259,0.805996239,73.70222473,0.779858291,0.043731496,0.856271744,1.972316742,2.032334805,1215584,medium,above average
Nicaragua,Latin America and Caribbean,6.13710022,0.063886963,6.262318611,6.011881828,8.493160248,0.857497036,67.50717926,0.863902867,0.020959141,0.665950119,1.972316742,2.496081114,6702385,medium,above average
Romania,Central and Eastern Europe,6.123700142,0.047432564,6.216668129,6.030732155,10.107584,0.825161517,67.20723724,0.842823207,-0.19781521,0.934300244,1.972316742,2.412749767,19127774,medium,above average
Kuwait,Middle East and North Africa,6.102099895,0.053297732,6.206563473,5.997636318,11.08982468,0.846475244,66.76764679,0.872366488,-0.100184701,0.760849059,1.972316742,1.840167999,4328550,medium,above average
Mauritius,Sub-Saharan Africa,6.101299763,0.057226494,6.213463783,5.989135742,9.956786156,0.910357833,66.40434265,0.889534533,-0.018318573,0.805343091,1.972316742,2.006720543,1273433,medium,above average
Kazakhstan,Commonwealth of Independent States,6.057899952,0.043229785,6.1426301,5.973169804,10.11465836,0.934744895,64.60996246,0.811601937,-0.068488635,0.764490843,1.972316742,2.021602631,18994962,medium,above average
Estonia,Central and Eastern Europe,6.021800041,0.035985194,6.092330933,5.95126915,10.34001732,0.934729993,68.60495758,0.87770915,-0.111697771,0.623073816,1.972316742,1.629928112,1325185,medium,above average
Philippines,Southeast Asia,6.006000042,0.049858402,6.103722572,5.908277512,8.993545532,0.846730053,61.92676163,0.915463448,-0.105463006,0.733634114,1.972316742,2.501741886,111046913,large,above average
Hungary,Central and Eastern Europe,6.000400066,0.039473221,6.077767372,5.923032761,10.24924374,0.921934128,67.60997009,0.718964577,-0.194323018,0.892916501,1.972316742,2.121845722,9634164,medium,above average
Thailand,Southeast Asia,5.998799801,0.042596295,6.082288742,5.91531086,9.741791725,0.889973223,67.25059509,0.905063033,0.268685192,0.886272311,1.972316742,1.832384109,69950850,medium,above average
Argentina,Latin America and Caribbean,5.974699974,0.053441759,6.079445839,5.869954109,9.810955048,0.900567949,68.80380249,0.831132412,-0.194913864,0.842009842,1.972316742,2.072540998,45605826,medium,above average
Honduras,Latin America and Caribbean,5.953199863,0.065731592,6.082033634,5.824366093,8.424534798,0.821870148,67.19876862,0.870603263,0.086969115,0.801131904,1.972316742,2.464295387,10062991,medium,above average
Latvia,Central and Eastern Europe,5.949999809,0.034838136,6.018282413,5.881717205,10.17531967,0.918288589,66.8074646,0.671237648,-0.186888844,0.795580089,1.972316742,2.121283054,1866942,medium,above average
Ecuador,Latin America and Caribbean,5.925199986,0.052880634,6.028846264,5.821553707,9.246058464,0.836418986,68.50003815,0.859828949,-0.127014965,0.801215112,1.972316742,2.254933834,17888475,medium,above average
Portugal,Western Europe,5.910900116,0.053158198,6.015089989,5.806710243,10.26374245,0.886590719,72.40202332,0.888747811,-0.220714301,0.892629504,1.972316742,1.752558708,10167925,medium,above average
Jamaica,Latin America and Caribbean,5.889800072,0.120590433,6.126157284,5.65344286,9.006250381,0.915701866,67.09999847,0.858068526,-0.125106767,0.888890028,1.972316742,2.214436531,2973463,medium,above average
South Korea,East Asia,5.872399807,0.044085015,5.958806515,5.785993099,10.51056671,0.799387157,73.6027298,0.612965107,-0.043404032,0.789067447,1.972316742,1.946757078,51305186,medium,above average
Japan,East Asia,5.870800018,0.041391667,5.951927662,5.789672375,10.57968903,0.883545935,75.00096893,0.809961379,-0.246910349,0.654558063,1.972316742,1.486200333,126050804,large,above average
Peru,Latin America and Caribbean,5.796800137,0.061311204,5.916970253,5.67663002,9.456313133,0.831075251,68.10023499,0.824766099,-0.16238822,0.893714964,1.972316742,2.213499546,33359418,medium,above average
Serbia,Central and Eastern Europe,5.77820015,0.050712325,5.877596378,5.678803921,9.680980682,0.881475747,68.21020508,0.726495862,-0.073676221,0.843509018,1.972316742,2.029040098,8697550,medium,above average
Bolivia,Latin America and Caribbean,5.747499943,0.050645422,5.846765041,5.648234844,8.851115227,0.803108692,63.6004715,0.875873327,-0.09168113,0.822606206,1.972316742,2.425928593,11832940,medium,above average
Pakistan,South Asia,5.69329977,0.048216224,5.78780365,5.598795891,8.482727051,0.689062297,58.25313568,0.734833717,0.04489987,0.745705426,1.972316742,2.976876736,225199937,large,above average
Paraguay,Latin America and Caribbean,5.692100048,0.051957864,5.793937683,5.590262413,9.389982224,0.898727894,65.63993835,0.885923445,0.007997713,0.834788501,1.972316742,1.83412528,7219638,medium,above average
Dominican Republic,Latin America and Caribbean,5.689199924,0.069831297,5.826069355,5.552330494,9.664880753,0.882085383,65.80748749,0.866202772,-0.131263286,0.755999923,1.972316742,1.844246864,10953703,medium,above average
Bosnia and Herzegovina,Central and Eastern Europe,5.674099922,0.046385963,5.765016556,5.583183289,9.455817223,0.829204142,67.80813599,0.651352704,0.098274559,0.933769107,1.972316742,2.16724205,3263466,medium,above average
Moldova,Commonwealth of Independent States,5.607500076,0.042275578,5.690360069,5.524640083,8.776714325,0.843313575,65.01301575,0.721609175,-0.037741039,0.913314283,1.972316742,2.370968342,4024019,medium,above average
Tajikistan,Commonwealth of Independent States,5.555699825,0.032321576,5.619050026,5.492349625,8.024810791,0.835297108,64.10459137,0.831383407,-0.025088511,0.592076063,1.972316742,2.25650835,9749627,medium,above average
Montenegro,Central and Eastern Europe,5.54610014,0.04898582,5.642112255,5.450088024,9.751860619,0.855314612,68.50534821,0.649565637,-0.075600356,0.783121586,1.972316742,1.880565882,628053,small,above average
Russia,Commonwealth of Independent States,5.546000004,0.039609671,5.623634815,5.468365192,10.12887192,0.903150737,64.10045624,0.729892612,-0.151153743,0.864802599,1.972316742,1.815716743,145912025,large,above average
Kyrgyzstan,Commonwealth of Independent States,5.541500092,0.043677468,5.627108097,5.455892086,8.148405075,0.887228489,64.10601044,0.909374893,0.154772058,0.888396084,1.972316742,2.060206652,6628356,medium,above average
Belarus,Commonwealth of Independent States,5.539899826,0.037060037,5.612537384,5.467262268,9.779945374,0.90674746,66.10433197,0.639163077,-0.164926544,0.63571167,1.972316742,1.8069911,9442862,medium,above average
Greece,Western Europe,5.514999866,0.046931833,5.606986046,5.423013687,10.13232613,0.814380348,72.40525818,0.541345119,-0.300907373,0.859931409,1.972316742,2.016179085,10370744,medium,above average
Croatia,Central and Eastern Europe,5.504700184,0.037783645,5.578756332,5.430644035,10.07087517,0.874623716,70.21490479,0.714838803,-0.128538325,0.916495264,1.972316742,1.676029205,4081651,medium,above average
Libya,Middle East and North Africa,5.488800049,0.060677204,5.607727528,5.36987257,9.789815903,0.825942934,62.29999924,0.773157001,-0.085054487,0.668779135,1.972316742,1.888563156,6958532,medium,above average
Mongolia,East Asia,5.456200123,0.040313236,5.535213947,5.377186298,9.412186623,0.937142491,62.30448532,0.693351328,0.098093867,0.863511205,1.972316742,1.810527563,3329289,medium,below average
Malaysia,Southeast Asia,5.384300232,0.048802696,5.479953289,5.288647175,10.26251888,0.816509426,67.10215759,0.894626856,0.114726797,0.839302301,1.972316742,1.319420815,32776194,medium,below average
Vietnam,Southeast Asia,5.353499889,0.033800762,5.41974926,5.287250519,8.809545517,0.849987149,67.9527359,0.939592957,-0.094533332,0.79642123,1.972316742,1.685977936,98168833,medium,below average
Indonesia,Southeast Asia,5.285600185,0.047692381,5.379077435,5.192122936,9.36975193,0.808379889,62.15584946,0.870614409,0.519586504,0.876296401,1.972316742,1.479573488,276361783,large,below average
Ivory Coast,Sub-Saharan Africa,5.233300209,0.073095515,5.376567364,5.090033054,8.225561142,0.658048689,49.50377274,0.727909327,-0.043991156,0.790771961,1.972316742,3.081022501,27053629,medium,below average
Benin,Sub-Saharan Africa,5.21600008,0.077759244,5.368408203,5.063591957,7.674319744,0.468671143,54.31246567,0.735182583,-0.003537213,0.740532577,1.972316742,3.440809727,12451040,medium,below average
Maldives,South Asia,5.197599888,0.071985401,5.338691235,5.056508541,9.518632889,0.91316092,70.59999847,0.853962779,0.038085498,0.824211061,1.972316742,1.098674774,543617,small,below average
Azerbaijan,Commonwealth of Independent States,5.164800167,0.034197241,5.231826782,5.097773552,9.687726974,0.819308281,65.50839996,0.786824107,-0.240255281,0.55253756,1.972316742,1.507632971,10223342,medium,below average
Ghana,Sub-Saharan Africa,5.147999763,0.058634609,5.262923717,5.033075809,8.350645065,0.728601098,57.20398712,0.794796526,0.094170853,0.847964764,1.972316742,2.378437281,31732129,medium,below average
Nepal,South Asia,5.137199879,0.057692084,5.250276566,5.024123192,7.925357342,0.785512447,63.77917862,0.797565043,0.154168829,0.738099158,1.972316742,2.014386892,29674920,medium,below average
Turkey,Middle East and North Africa,5.131800175,0.039838459,5.20988369,5.05371666,10.12941933,0.826313555,66.90281677,0.608830452,-0.171046436,0.748197377,1.972316742,1.564816713,85042738,medium,below average
China,East Asia,5.123899937,0.025901664,5.174667358,5.073132515,9.688568115,0.798760593,69.2891922,0.898517907,-0.18142575,0.7539711,1.972316742,1.336181879,1444216107,large,below average
Turkmenistan,Commonwealth of Independent States,5.119100094,0.029379817,5.17668438,5.061515808,9.74803257,0.958966196,62.21170807,0.826457024,0.187671542,0.883691847,1.972316742,1.115337372,6117924,medium,below average
Bulgaria,Central and Eastern Europe,5.101500034,0.04422117,5.188173294,5.014826775,9.869318962,0.937840343,66.80397797,0.745178163,-0.143908441,0.935585141,1.972316742,1.294961452,6896663,medium,below average
Morocco,Middle East and North Africa,5.094799995,0.05565045,5.203875065,4.985724926,8.940313339,0.592628479,65.89624023,0.772072434,-0.240377247,0.815724611,1.972316742,2.378402472,37344795,medium,below average
Cameroon,Sub-Saharan Africa,5.084899902,0.067296073,5.216800213,4.952999592,8.118647575,0.700386405,52.7049408,0.763051808,-0.00149645,0.851336598,1.972316742,2.719370842,27224265,medium,below average
Venezuela,Latin America and Caribbean,5.053199768,0.06428051,5.179189682,4.927209854,8.977793694,0.890408158,66.50534058,0.62327832,-0.169090509,0.837038398,1.972316742,1.74484086,28704954,medium,below average
Algeria,Middle East and North Africa,5.005099773,0.044236008,5.09180212,4.918397427,9.537964821,0.803385139,65.90517426,0.466610909,-0.121105164,0.735485137,1.972316742,1.840811729,44616624,medium,below average
Senegal,Sub-Saharan Africa,4.980800152,0.05276908,5.084227562,4.877372742,8.118982315,0.723616004,59.59915161,0.690596163,-0.052335154,0.808785141,1.972316742,2.405123949,17196301,medium,below average
Guinea,Sub-Saharan Africa,4.949299812,0.073042229,5.09246254,4.806137085,7.750990391,0.637573481,54.46780014,0.706846774,0.076328471,0.761794448,1.972316742,2.740729809,13497244,medium,below average
Niger,Sub-Saharan Africa,4.909599781,0.077208281,5.060927868,4.758271694,6.842166901,0.617435038,53.50009537,0.759772122,0.013860817,0.722530186,1.972316742,3.017630577,25130817,medium,below average
Laos,Southeast Asia,4.888599873,0.040268615,4.967526436,4.809673309,8.79858017,0.737502217,58.70992279,0.907213569,0.11137148,0.634679317,1.972316742,1.621152639,7379358,medium,below average
Albania,Central and Eastern Europe,4.882699966,0.056115732,4.992686749,4.772713184,9.417930603,0.671070457,68.70813751,0.781994224,-0.042309489,0.896303713,1.972316742,1.640897036,2872933,medium,below average
Cambodia,Southeast Asia,4.848400116,0.058006871,4.962093353,4.734706879,8.249890327,0.773080647,61.52996826,0.959704638,0.051911179,0.822769046,1.972316742,1.663300037,16946438,medium,below average
Bangladesh,South Asia,4.832799911,0.040124193,4.911443233,4.75415659,8.287063599,0.687292993,64.50306702,0.90062499,-0.033664726,0.661843538,1.972316742,1.755261898,166303498,large,below average
Gabon,Sub-Saharan Africa,4.829299927,0.060268242,4.947425842,4.711174011,9.680537224,0.787886858,59.71533966,0.704829216,-0.222261623,0.849150956,1.972316742,1.735027552,2278825,medium,below average
South Africa,Sub-Saharan Africa,4.814099789,0.060023591,4.931746006,4.696453571,9.403370857,0.852532268,56.50601196,0.759330094,-0.109777324,0.843423843,1.972316742,1.625117302,60041994,medium,below average
Iraq,Middle East and North Africa,4.784800053,0.077791877,4.937272072,4.632328033,9.661095619,0.747694969,59.90354919,0.633182645,-0.06956476,0.82226181,1.972316742,1.752173662,41179350,medium,below average
Lebanon,Middle East and North Africa,4.771500111,0.043753985,4.857257843,4.685742378,9.3617239,0.824338138,67.10658264,0.551357508,-0.06121527,0.90225625,1.972316742,1.53554225,6769146,medium,below average
Burkina Faso,Sub-Saharan Africa,4.768700123,0.062067267,4.890351772,4.647048473,7.46854496,0.712943614,53.88945389,0.665563583,-0.019080516,0.739795029,1.972316742,2.588826418,21497096,medium,below average
Gambia,Sub-Saharan Africa,4.750599861,0.067163654,4.882240772,4.61895895,7.321814537,0.6931687,55.0120163,0.733163178,0.343198717,0.690717816,1.972316742,2.270216465,2486945,medium,below average
Mali,Sub-Saharan Africa,4.729300022,0.064362764,4.855451107,4.603148937,7.629852295,0.731468976,51.72698212,0.71156615,-0.044366926,0.839328408,1.972316742,2.559335232,20855735,medium,below average
Nigeria,Sub-Saharan Africa,4.724100113,0.05211626,4.826248169,4.621952057,8.57662487,0.73721689,49.86190796,0.759578407,0.033745807,0.861874342,1.972316742,2.219635487,211400708,large,below average
Armenia,Commonwealth of Independent States,4.676799774,0.058595356,4.791646481,4.561953068,9.100476265,0.757479429,66.75065613,0.712017834,-0.13877961,0.773544788,1.972316742,1.468161583,2968127,medium,below average
Georgia,Commonwealth of Independent States,4.672599792,0.043417413,4.757698059,4.587501526,9.226100922,0.629033029,64.49520874,0.801641524,-0.22892037,0.665944695,1.972316742,1.69239831,3979765,medium,below average
Iran,Middle East and North Africa,4.672399998,0.055878021,4.78192091,4.562879086,9.813719749,0.694689691,66.00614929,0.647873282,0.117891103,0.714635968,1.972316742,1.286969423,85028759,medium,below average
Jordan,Middle East and North Africa,4.633399963,0.058751218,4.748552322,4.518247604,9.025999069,0.80216372,66.79975128,0.75104779,-0.162565202,0.700344324,1.972316742,1.262258053,10269021,medium,below average
Mozambique,Sub-Saharan Africa,4.623600006,0.079284087,4.778996944,4.468203068,7.069345951,0.723874032,54.20582199,0.864451885,0.032375868,0.683019102,1.972316742,2.221216202,32163047,medium,below average
Kenya,Sub-Saharan Africa,4.583000183,0.067804985,4.715898037,4.450102329,8.02977562,0.702652037,60.09693146,0.829747558,0.294681519,0.831499159,1.972316742,1.684904575,54985698,medium,below average
Namibia,Sub-Saharan Africa,4.571100235,0.060983475,4.690628052,4.451572418,9.203141212,0.846880972,56.50148773,0.767520964,-0.18530646,0.851449788,1.972316742,1.503033161,2587344,medium,below average
Ukraine,Commonwealth of Independent States,4.56069994,0.049683895,4.658080578,4.463319302,9.010690689,0.878879368,64.60678101,0.663081884,-0.030933706,0.920636714,1.972316742,1.252669334,43466819,medium,below average
Liberia,Sub-Saharan Africa,4.557899952,0.081956357,4.71853447,4.397265434,7.054380417,0.70928055,56.09631348,0.735268712,0.04227322,0.856375933,1.972316742,2.386757851,5180203,medium,below average
Uganda,Sub-Saharan Africa,4.43200016,0.068495452,4.566251278,4.297749043,7.500389576,0.764994621,55.70820236,0.731713951,0.099487431,0.836737812,1.972316742,1.958671093,47123531,medium,below average
Chad,Sub-Saharan Africa,4.422699928,0.075231321,4.570153236,4.27524662,7.467963696,0.632388055,48.22053909,0.587305248,0.017834719,0.802760839,1.972316742,2.74742651,16914985,medium,below average
Tunisia,Middle East and North Africa,4.392199993,0.049670532,4.489554405,4.294845581,9.314972878,0.688718557,66.89785767,0.593361557,-0.216413811,0.867590249,1.972316742,1.528496742,11935766,medium,below average
Mauritania,Sub-Saharan Africa,4.374599934,0.055093341,4.482583046,4.266616821,8.233919144,0.790819228,57.01017761,0.551522553,-0.106008142,0.746223509,1.972316742,1.85955739,4775119,medium,below average
Sri Lanka,South Asia,4.327000141,0.053085525,4.431047916,4.222952366,9.389969826,0.825374067,67.20006561,0.837633669,0.081129618,0.859001756,1.972316742,0.611288548,21497310,medium,below average
Myanmar,Southeast Asia,4.308000088,0.042949215,4.392180443,4.223819733,8.680481911,0.78440702,58.96171188,0.895075202,0.560663998,0.645124316,1.972316742,0.681462526,54806012,medium,below average
Comoros,Sub-Saharan Africa,4.288599968,0.084340192,4.453906536,4.1232934,7.833630085,0.625662446,57.34901047,0.547612607,0.090008408,0.780622602,1.972316742,2.17276907,888451,small,below average
Togo,Sub-Saharan Africa,4.187200069,0.062506773,4.309713364,4.064686775,7.357711315,0.551312625,54.71989822,0.649828613,0.002667875,0.757733464,1.972316742,2.409595251,8478250,medium,below average
Ethiopia,Sub-Saharan Africa,4.186200142,0.038915094,4.262473583,4.109926701,7.509385586,0.743307352,58.63959122,0.740795195,0.043377332,0.753690004,1.972316742,1.628459215,117876227,large,below average
Madagascar,Sub-Saharan Africa,4.165599823,0.057542104,4.278382301,4.052817345,7.281685829,0.668195903,59.10542679,0.557574093,-0.011823639,0.817485631,1.972316742,2.136298418,28427328,medium,below average
Egypt,Middle East and North Africa,4.151400089,0.035979424,4.221919537,4.080880642,9.316541672,0.735447824,61.78015137,0.708354175,-0.196878314,0.787726879,1.972316742,1.158818245,104258327,large,below average
Sierra Leone,Sub-Saharan Africa,3.926399946,0.061150789,4.046255589,3.806544304,7.26880312,0.636142015,50.86514282,0.715315044,0.088660747,0.861330688,1.972316742,2.046271801,8141343,medium,below average
Burundi,Sub-Saharan Africa,3.775300026,0.107122384,3.98526001,3.565340042,6.492642403,0.490325719,53.40000153,0.626350224,-0.017551597,0.606934547,1.972316742,2.401507378,12255433,medium,below average
Zambia,Sub-Saharan Africa,3.759399891,0.06067669,3.878326178,3.640473604,8.224720001,0.698824465,55.29937744,0.806500256,0.078037128,0.801289678,1.972316742,1.134339333,18920651,medium,below average
Haiti,Latin America and Caribbean,3.720799923,0.101463005,3.919667482,3.521932364,7.411329269,0.593247831,55.59862518,0.537825167,0.40053457,0.684767246,1.972316742,1.619916916,11541685,medium,below average
Lesotho,Sub-Saharan Africa,3.652800083,0.082120985,3.813757181,3.491842985,7.960488319,0.780495703,48.00362396,0.738125861,-0.145732045,0.857392073,1.972316742,1.445513964,2159079,medium,below average
India,South Asia,3.573299885,0.027702235,3.627596378,3.519003391,8.849823952,0.592200935,60.21518707,0.881444871,0.057551607,0.772042692,1.972316742,0.734130859,1393409038,large,below average
Malawi,Sub-Saharan Africa,3.538000107,0.070260517,3.675710678,3.400289536,7.062226295,0.544007301,57.59288788,0.803223193,0.021433279,0.731700778,1.972316742,1.552718282,19647684,medium,below average
Yemen,Middle East and North Africa,3.527400017,0.054158084,3.633549929,3.421250105,7.759682655,0.817980587,56.72728348,0.599920273,-0.157735437,0.800287724,1.972316742,1.116472721,30490640,medium,below average
Botswana,Sub-Saharan Africa,3.478899956,0.060542691,3.597563744,3.360236168,9.711203575,0.779121757,58.92445374,0.821328104,-0.250394493,0.777930915,1.972316742,0.257240534,2397241,medium,below average
Tanzania,Sub-Saharan Africa,3.476200104,0.06320975,3.600091219,3.352308989,7.967665195,0.688933194,57.49607468,0.82153976,0.109668687,0.619799435,1.972316742,0.718963385,61498437,medium,below average
Central African Republic,Sub-Saharan Africa,3.475899935,0.115182951,3.701658487,3.250141382,6.625160217,0.319459856,45.20000076,0.640880644,0.082410358,0.891806662,1.972316742,2.860197544,4919981,medium,below average
Rwanda,Sub-Saharan Africa,3.312299967,0.052425209,3.415053368,3.209546566,7.600104332,0.54083544,61.09884644,0.900589406,0.055483952,0.183541179,1.972316742,0.548444986,13276513,medium,below average
Zimbabwe,Sub-Saharan Africa,3.299200058,0.058674462,3.414201975,3.184198141,7.865711689,0.763092756,55.61725998,0.711457908,-0.072063953,0.81023699,1.972316742,0.841031075,15092171,medium,below average
South Sudan,Sub-Saharan Africa,2.816600084,0.107610404,3.027516365,2.605683804,7.425359726,0.553707123,51,0.451313615,0.016518548,0.763417304,1.972316742,1.378751278,11381378,medium,below average
Afghanistan,South Asia,2.566900015,0.031311426,2.628270388,2.505529642,7.462860584,0.470366955,52.59000015,0.396573007,-0.0964294,0.933686554,1.972316742,1.507235646,39835428,medium,below average
